﻿$NODE:NO,NAME,XCOORD,YCOORD,VOLPRT,SCTYPE,AGGREGATE,CLUSTERA,CORDON,COV,COVENTRY_SCN,COVENTRY_SIGNAL_UPDATED,CSW_SIGNALS,DIRECTIONA,ISOLATED,IS_STATION,P5_PT_COFFEESHOP,P5_PT_STN,PLANETNODENUMBER,PRISM47_NODENO,YELLOW_BOX
101465,Newhampton Rd East/ Lansdowne Rd,390993.9298,299190.5396,735,,,,,,,,0,,,,,0,0,1566,0
101469,Tettenhall Rd/ Compton Rd/ Chapel Ash,390566.8917,298640.571,880,Stage-based,,,,,,,0,,,,,0,0,1570,0
101472,Tettenhall Rd/ Compton Rd/ Chapel Ash,390603.887,298650.57,1554,Stage-based,,,,,,,0,,,,,0,0,1574,0
101475,Tettenhall Rd/ Compton Rd/ Chapel Ash,390659.8801,298618.574,1795,,,,,,,,0,,,,,0,0,1577,0
101485,Bath Rd/ Southgate,390821.7967,298752.5589,674,,,,,,,,0,,,,,0,0,1589,0
101488,Darlington St./ Raglan St,390845.9613,298545.3291,1795,,,,,,,,0,,,,,0,0,1593,0
101490,Great Brickkiln St/ Graiseley St/ Alexander St,390895.8519,298225.6207,557,Stage-based,,,Wolverhampton Cordon,,,,0,,,,,0,0,1596,0
101496,Ring Rd St Andrews/ Bath Rd,390960.5605,298768.9013,2523,,,,,,,,0,,,,,0,0,1602,0
101499,Penn Rd/ Graiseley Hill,390963.845,297756.6758,1867,,,,,,,,0,,,,,0,0,1605,0
101500,Ring Rd./ Chapel Ash Island-North,390976.545,298616.6334,1809,Stage-based,,,,,,,0,,,,,0,0,1606,0
101503,Ring Rd./ Chapel Ash Island-East,391017.7438,298573.1165,1886,Stage-based,,,,,,,0,,,,,0,0,1609,0
101506,Ring Rd St Marks/ Salop St,391004.5527,298430.341,3717,,,,,,,,0,,,,,0,0,1613,0
101515,Ring Rd St Marks/ Great Brickkiln St,391042.8333,298255.6178,3257,,,,,,,,0,,,,,0,0,1623,0
101520,St. Andrews Ring Rd/ Waterloo Rd,391107.9166,298884.482,3174,Stage-based,,,,,,,0,,,,,0,0,1632,0
101526,Darlington Street/Waterloo/School,391159.8172,298619.5757,992,Stage-based,,,,,,,0,,,,,0,0,1641,1
101534,Victoria St/ Salop St/ Worcester St,391251.8065,298394.6023,554,Stage-based,,,,,,,0,,,,,0,0,1655,1
101539,Victoria St/ Bell St/ Skinner St,391291.8012,298476.5929,396,Stage-based,,,,,,,0,,,,,0,0,1663,1
101550,Cleveland St/ Bell St,391378.7906,298369.6057,602,Stage-based,,,,,,,0,,,,,0,0,1679,0
101558,Ring Road St. Peters/Stafford Street,391524.2698,299052.3702,2647,Stage-based,,,,,,,0,,,,,0,0,1694,0
101559,Dudley Rd/ Cartwright St,391537.7731,297684.6863,1151,,,,,,,,0,,,,,0,0,1695,0
101563,Stafford St/ Whitmore St,391545.7676,298912.5428,662,,,,,,,,0,,,,,0,0,1699,0
101564,Lower Stafford St/ Cannock Rd,391550.7653,299391.4869,2801,Stage-based,,,,,,,0,,,,,0,0,1700,0
101565,Dudley Rd to Birmingham Rd,391564.7688,297930.6577,1059,,,,,,,,0,,,,,0,0,1702,0
101566,Grove St./Dudley Rd,391541.5849,297741.711,1367,,,,,,,,0,,,,,0,0,1703,0
101568,Cleveland St/ Garrick St/ Snow Hill,391579.7654,298355.6081,799,Stage-based,,,,,,,0,,,,,0,0,1706,1
101572,Lichfield St/ Princess St,391584.5757,298778.2775,244,Stage-based,,,,,,,0,,,,,0,0,1710,0
101573,Princess St,391592.7001,298679.8202,0,,,,,,,,0,,,,,0,0,1712,0
101574,Ring Rd St Johns/ Dudley Rd/ Snow Hill,391585.0857,298089.644,2734,Stage-based,,,,,,,0,,,,,0,0,1713,0
101575,Birmingham Rd from Dudley Rd,391597.7646,297935.6572,912,,,,,,,,0,,,,,0,0,1714,0
101576,Princess St/ Berry St,391602.6987,298717.8158,244,,,,,,,,0,,,,,0,0,1715,0
101580,Grove Str./Birmingham Rd.,391654.5395,297746.3983,1507,Stage-based,,,,,,,0,,,,,0,0,1723,0
101585,Queen St/ Market St/ Princess St,391578.8583,298634.9192,0,Stage-based,,,,,,,0,,,,,0,0,1728,0
101586,Birmingham Rd/ Cartwright St,391668.7566,297698.6851,1579,Stage-based,,,,,,,0,,,,,0,0,1729,0
101587,Broad St/ Westbury St,391674.7516,298870.5482,614,,,,,,,,0,,,,,0,0,1730,0
101597,Bilston St/ Piper's Row/ St George's Parade,391749.7293,298475.0636,2117,Stage-based,,,,,,,0,,,,,0,0,1741,1
101602,Cannock Rd/ Cross St,391746.74,299567.4671,1641,,,,,,,,0,,,,,0,0,1746,0
101604,Berry St/ Piper's Row,391768.6468,298681.6332,244,Stage-based,,,,,,,0,,,,,0,0,1750,0
101618,Ring Rd St Davids/ Horseley Fields,391872.2096,298692.7081,2606,,,,,,,,0,,,,,0,0,1770,0
101633,Wednesfield Rd/ Culwell St,391972.7136,299016.5323,1512,Stage-based,,,,,,,0,,,,,0,0,1791,1
101637,Hospital St/ Bilston Rd,392020.0541,298291.3047,1529,Stage-based,,,,,,,0,,,,,0,0,1797,1
101648,Horseley Fields / Middle Cross,392074.8164,298602.3608,2072,Stage-based,,,,,,,0,,,,,0,0,1810,0
101658,Bilston Rd/Sharrock St/Steelhouse La,392125.6974,298175.6311,1400,Stage-based,,,,,,,0,,,,,0,0,1820,1
101660,Wednesfield Rd/ Hilton St,392136.6903,299748.4473,1822,,,,,,,,0,,,,,0,0,1824,0
101661,Wednesfield Rd/ Sun St,392171.2491,299052.0626,1757,Stage-based,,,,,,,0,,,,,0,0,1825,0
105346,Waterloo Rd/ New Hampton Rd,391123.2579,299010.5923,1582,Stage-based,,,,,,,0,,,,,0,0,6704,1
105347,Bilston St/ Garrick St/ Market St,391611.7609,298485.5305,681,Stage-based,,,,,,,0,,,,,0,0,6705,0
105666,,391708.5404,298888.5322,0,,,,,,,,0,,,,,0,0,9053,0
105677,,391205.5936,299346.7615,1111,,,,,,,,0,,,,,0,0,,0
105696,,391546.241,299423.5032,2025,,,,,,,,0,,,,,0,0,20003,0
105697,,391569.5235,299409.7493,1254,,,,,,,,0,,,,,0,0,20004,0
107012,Ring Road St. Peters,391443.9675,299043.1835,2012,,,,,,,,0,,,,,0,0,4000001,0
107013,Stafford St,391520.27,299137.7664,2560,,,,,,,,0,,,,,0,0,4000002,0
107029,Ring Rd St Georges/ Middle Cross/ Bilston Rd,391881.3518,298525.1831,2291,,,,,,,,0,,,,,0,0,4000039,0
107030,Ring Rd St Georges/ Middle Cross/ Bilston Rd,391997.0922,298485.2388,1514,,,,,,,,0,,,,,0,0,4000040,0
107031,Ring Rd St Georges/ Middle Cross/ Bilston Rd,391963.0922,298345.8919,1529,,,,,,,,0,,,,,0,0,4000041,0
107032,Ring Rd St Georges/ Middle Cross/ Bilston Rd,391828.578,298317.7072,1870,,,,,,,,0,,,,,0,0,4000042,0
107033,Ring Rd St Georges/ Middle Cross/ Bilston Rd,391812.4855,298459.5413,958,,,,,,,,0,,,,,0,0,4000043,0
107034,Ring Rd St Georges/ Middle Cross/ Bilston Rd,391933.8457,298396.4171,2644,,,,,,,,0,,,,,0,0,4000044,0
107035,Ring Rd St Georges/ Middle Cross/ Bilston Rd,391942.8445,298423.5702,2644,Stage-based,,,,,,,0,,,,,0,0,4000045,0
107036,Ring Rd St Georges/ Middle Cross/ Bilston Rd,391882.5086,298374.5133,2570,,,,,,,,0,,,,,0,0,4000046,0
107037,Ring Rd St Georges/ Middle Cross/ Bilston Rd,391909.7238,298376.6068,2570,Stage-based,,,,,,,0,,,,,0,0,4000047,0
107038,Ring Rd St Georges/ Middle Cross/ Bilston Rd,391826.7654,298412.5086,2088,,,,,,,,0,,,,,0,0,4000048,0
107039,Ring Rd St Georges/ Middle Cross/ Bilston Rd,391832.7334,298398.5103,2088,Stage-based,,,,,,,0,,,,,0,0,4000049,0
107040,Ring Rd St Georges/ Middle Cross/ Bilston Rd,391839.5762,298455.5348,2017,Stage-based,,,,,,,0,,,,,0,0,4000050,0
107041,Ring Rd St Georges/ Middle Cross/ Bilston Rd,391854.6992,298465.5962,2017,,,,,,,,0,,,,,0,0,4000051,0
107042,Ring Rd St Georges/ Middle Cross/ Bilston Rd,391906.7239,298465.6277,2274,Stage-based,,,,,,,0,,,,,0,0,4000052,0
107043,Ring Rd St Georges/ Middle Cross/ Bilston Rd,391926.8152,298455.5664,2274,,,,,,,,0,,,,,0,0,4000053,0
107048,Salop St/School St,391147.757,298413.8497,299,Stage-based,,,,,,,0,,,,,0,0,4000060,0
107049,Peel St/ Pitt St/ School St,391121.1046,298281.8963,835,Stage-based,,,,,,,0,,,,,0,0,4000061,1
107050,Pitt St/ Worcester St,391232.8717,298298.5198,835,,,,,,,,0,,,,,0,0,4000062,0
107051,Temple St/ Worcester St,391219.936,298264.2112,796,,,,,,,,0,,,,,0,0,4000063,0
107052,Ring Rd St Marks/ Penn Rd/ Worcester St,391163.8185,298137.7883,1677,Stage-based,,,,,,,0,,,,,0,0,4000064,0
107053,Darlington St./ Queen Square/ Victoria St,391340.7318,298660.9778,71,,,,,,,,0,,,,,0,0,4000065,0
107054,Peel St/ Salop St,391061.9317,298439.3265,517,,,,,,,,0,,,,,0,0,4000066,0
107055,Ring Rd St Marks/ Penn Rd/ Worcester St,391293.8922,298096.714,2182,,,,,,,,0,,,,,0,0,4000067,0
107056,Ring Rd St Marks/ Penn Rd/ Worcester St,391097.08,298076.3029,2579,Stage-based,,,,,,,0,,,,,0,0,4000068,0
107057,Ring Rd St Marks/ Penn Rd/ Worcester St,391112.023,298136.4406,1200,Stage-based,,,,,,,0,,,,,0,0,4000069,0
107058,Ring Rd St Marks/ Penn Rd/ Worcester St,391138.9154,298143.7562,1200,,,,,,,,0,,,,,0,0,4000070,0
107060,Ring Rd St Johns/ Dudley Rd/ Snow Hill,391650.1772,298101.7744,1870,,,,,,,,0,,,,,0,0,4000078,0
107061,Ring Rd St Johns/ Dudley Rd/ Snow Hill,391589.0779,298017.2101,900,,,,,,,,0,,,,,0,0,4000079,0
107062,George's Parade/ Old Hill St,391724.0909,298400.0097,765,,,,,,,,0,,,,,0,0,4000082,0
107063,Garrick St/ Old Hall St,391602.1374,298402.9464,1058,,,,,,,,0,,,,,0,0,4000083,0
107087,Waterloo Rd/ Staveley Rd,391198.8095,299394.3603,1433,,,,,,,,0,,,,,0,0,4000209,0
107094,Broad St/ Fryer St,391707.7473,298891.5772,614,Stage-based,,,,,,,0,,,,,0,0,4000253,0
107095,Waterloo Rd/ Whitmore Hill,391116.1652,298972.4093,1582,,,,,,,,0,,,,,0,0,4000255,0
107096,Newhampton Rd East/ Park Av,391058.8282,299097.5194,471,,1,,,,,,0,,,,,0,0,,0
107097,Ring Rd./ Chapel Ash Island-West,390924.2736,298563.956,2594,Stage-based,,,,,,,0,,,,,0,0,4000257,0
107098,Ring Rd./ Chapel Ash Island-South,390972.8985,298527.8926,2762,Stage-based,,,,,,,0,,,,,0,0,4000258,0
107099,Ring Rd St. Marks,390984.6128,298467.5605,2297,,,,,,,,0,,,,,0,0,4000259,0
107100,Sharrock St,392274.2214,298409.9134,291,,,,,,,,0,,,,,0,0,4000265,0
107102,Graiseley St,390903.3199,298175.5016,0,,,,,,,,0,,,,,0,0,4000267,0
107103,Market St,391594.6691,298560.6467,0,,,,,,,,0,,,,,0,0,4000268,0
107104,Fryer St/ Railway Drive,391758.0655,298761.4441,0,Stage-based,,,,,,,0,,,,,0,0,4000274,0
107106,Tettenhall Rd/ Compton Rd/ Chapel Ash,390591.3255,298634.6066,510,,,,,,,,0,,,,,0,0,4000276,0
107107,Bath Rd/ Summer Meadow,390683.9081,298685.4412,269,,,,,,,,0,,,,,0,0,4000277,0
107160,Penn Rd/ Lea Rd,390985.1234,297813.2006,2166,Stage-based,,,,,,,0,,,,,0,0,4000473,0
107166,Park Rd East/ Lansdowne Rd,390839.8557,299101.6745,449,,,,,,,,0,,,,,0,0,4000493,0
107174,,392196.8866,298851.2342,1340,,,,,,,,0,,,,,0,0,4000522,0
107177,School St Skinner St,391168.754,298512.3382,559,Stage-based,,,,,,,0,,,,,0,0,4000525,0
107179,,390518.2729,298613.3241,232,,,,,,,,0,,,,,0,0,4000527,0
107180,Horseley Fields Gough St,391963.1987,298633.5588,788,Stage-based,,,,,,,0,,,,,0,0,4000528,0
107181,,391953.7349,298566.582,0,,,,,,,,0,,,,,0,0,4000529,0
109315,,391751.6277,298992.0622,1582,Stage-based,,,,,,,0,,,,,0,0,200001666,0
109316,,391724.4116,298968.3957,801,,,,,,,,0,,,,,0,0,200001667,0
109317,,391763.5352,298919.7906,1129,Stage-based,,,,,,,0,,,,,0,0,200001668,0
109318,,391774.7026,298903.9049,1265,,,,,,,,0,,,,,0,0,200001669,0
109319,,391785.2212,298888.7148,1265,Stage-based,,,,,,,0,,,,,0,0,200001670,0
109320,,391812.6937,298906.9395,1836,,,,,,,,0,,,,,0,0,200001671,0
109321,,391782.7637,298956.045,2566,Stage-based,,,,,,,0,,,,,0,0,200001672,0
109322,,391805.6902,298973.7949,1295,,,,,,,,0,,,,,0,0,200001675,0
109323,,391600.0589,299053.6194,1810,,,,,,,,0,,,,,0,0,200001676,0
109324,,391817.4966,298858.3133,2606,,,,,,,,0,,,,,0,0,200001677,0
109325,,392071.2538,299476.5274,519,,,,,,,,0,,,,,0,0,200001678,0
109413,,391515.6492,299559.9461,2388,,,,,,,,0,,,,,0,0,2000016880,0
109417,,392726.484,299391.1931,1888,Stage-based,,,,,,,0,,,,,0,0,2000016884,0
109418,,392586.8453,299291.073,1879,,,,,,,,0,,,,,0,0,2000016885,0
109419,,392614.9097,299206.5557,827,,,,,,,,0,,,,,0,0,2000016886,0
109420,,392678.5375,299479.1503,1100,,,,,,,,0,,,,,0,0,2000016887,0
109426,,390947.99,298608.0044,2594,,,,,,,,0,,,,,0,0,2000016893,0
109427,,390947.1474,298714.2964,2238,,,,,,,,0,,,,,0,0,2000016894,0
109428,,391009.6875,298599.6724,1809,,,,,,,,0,,,,,0,0,2000016895,0
109429,,390996.4615,298533.1343,1886,,,,,,,,0,,,,,0,0,2000016896,0
109430,,390901.9626,298553.7646,1795,,,,,,,,0,,,,,0,0,2000016897,0
109431,,391044.322,298593.5838,656,,,,,,,,0,,,,,0,0,2000016898,0
109432,,390929.977,298549.727,2762,,,,,,,,0,,,,,0,0,2000016899,0
109433,,391064.6428,297987.7365,2025,,,,,,,,0,,,,,0,0,2000016900,0
109434,,391048.2409,298222.4554,2899,,,,,,,,0,,,,,0,0,2000016901,0
109435,,391115.6679,298061.7242,1399,,,,,,,,0,,,,,0,0,2000016902,0
109436,,391175.0758,298113.8436,1677,,,,,,,,0,,,,,0,0,2000016903,0
109437,,391091.9773,298109.1052,2579,,,,,,,,0,,,,,0,0,2000016904,0
110285,,391167.2216,298074.6142,2245,Stage-based,,,,,,,0,,,,,0,0,2100110917,0
110547,,391156.7178,299481.4428,799,,,,,,,,0,,,,,0,0,2100111232,0
110697,,391545.7855,299301.4727,2917,,,,,,,,0,,,,,0,0,2100111382,0
110701,,391997.4185,299683.8097,2029,,,,,,,,0,,,,,0,0,2100111386,0
110712,,391571.5221,298197.5525,342,,,,,,,,0,,,,,0,0,2100111397,0
110808,,391162.5911,298478.5917,286,,,,,,,,0,,,,,0,0,2100111495,0
110814,,391394.0122,298440.7787,847,,,,,,,,0,,,,,0,0,2100111501,0
111197,,391408.3263,298838.884,669,,,,,,,,0,,,,,0,0,2100111904,0
111198,,391281.2383,298754.9565,71,,,,,,,,0,,,,,0,0,2100111905,0
111199,,391089.4072,298668.6309,657,,,,,,,,0,,,,,0,0,2100111906,0
111200,,391094.2036,298488.7874,502,,,,,,,,0,,,,,0,0,2100111907,0
111201,,391336.392,298165.0698,334,,,,,,,,0,,,,,0,0,2100111908,0
111202,,391341.1874,298275.3739,129,Stage-based,,,,,,,0,,,,,0,0,2100111909,0
111203,,391413.1242,298272.9762,23,,,,,,,,0,,,,,0,0,2100111910,0
111204,,391516.2337,298229.8142,98,,,,,,,,0,,,,,0,0,2100111911,0
111205,,391686.483,298539.1457,0,,,,,,,,0,,,,,0,0,2100111912,0
111206,,391180.1393,298177.0161,979,,,,,,,,0,,,,,0,0,2100111913,0
111207,,391565.5851,298275.4082,434,,,,,,,,0,,,,,0,0,2100111914,0
111208,,391520.1909,298274.6841,118,,,,,,,,0,,,,,0,0,2100111915,0
111209,,391142.8716,298166.6222,350,,,,,,,,0,,,,,0,0,2100111916,0
111210,,391115.858,298174.273,87,,,,,,,,0,,,,,0,0,2100111917,0
111211,,391047.6061,298386.4919,758,,,,,,,,0,,,,,0,0,2100111918,0
111212,,391040.8652,298368.8192,761,,,,,,,,0,,,,,0,0,2100111919,0
111213,,391049.5966,298431.2245,163,,,,,,,,0,,,,,0,0,2100111920,0
111214,,391041.9549,298436.1981,660,,,,,,,,0,,,,,0,0,2100111921,0
111215,,391785.581,298556.4071,961,,,,,,,,0,,,,,0,0,2100111922,0
111216,,391602.0744,298528.1015,0,,,,,,,,0,,,,,0,0,2100111923,0
111217,,391147.0558,298682.5047,973,,,,,,,,0,,,,,0,0,2100111924,0
111218,,391210.2223,298631.1108,71,,,,,,,,0,,,,,0,0,2100111925,0
111219,,391627.4711,298950.9677,352,,,,,,,,0,,,,,0,0,2100111926,0
111220,,391781.2588,298596.2319,1195,,,,,,,,0,,,,,0,0,2100111927,0
111730,,392643.085,299427.3215,0,,,,,,,,0,,,,,0,0,2100332884,0
111731,,390881.8346,298195.4595,0,,,,,,,,0,,,,,0,0,2100332885,0
111733,,391598.6178,298941.2542,0,,,,,,,,0,,,,,0,0,2100332887,0
111806,,392292.215,299451.1157,0,,,,,,,,0,,,,,0,0,2100442959,0
111808,,392216.457,298373.7628,0,,,,,,,,0,,,,,0,0,2100442961,0
112709,,391504.9619,298455.768,0,,,,,,,,0,,,,,0,0,2100663860,0
112710,,391400.8993,298474.6841,0,,,,,,,,0,,,,,0,0,2100663861,0
112711,,392137.294,298797.8993,0,,,,,,,,0,,,,,0,0,2100663862,0
112712,,391573.7721,299354.479,0,,,,,,,,0,,,,,0,0,2100663863,0
112725,,392669.1461,299240.5546,0,,,,,,,,0,,,,,0,0,2100663876,0
112730,,391471.7146,299585.7034,0,,,,,,,,0,,,,,0,0,2100663881,0
112731,,391418.5546,298799.7221,0,,,,,,,,0,,,,,0,0,2100663882,0
112732,,391355.0106,298757.7584,0,,,,,,,,0,,,,,0,0,2100663883,0
112733,,391259.095,298714.5955,0,,,,,,,,0,,,,,0,0,2100663884,0
112734,,391137.0094,298492.6887,0,,,,,,,,0,,,,,0,0,2100663885,0
112735,,391668.6191,298631.3555,0,,,,,,,,0,,,,,0,0,2100663886,0
112736,,391716.007,298659.8986,0,,,,,,,,0,,,,,0,0,2100663887,0
112737,,391148.8367,298263.9399,0,,,,,,,,0,,,,,0,0,2100663888,0
112738,,391111.3403,298361.213,0,,,,,,,,0,,,,,0,0,2100663889,0
112739,,391424.5832,298182.8479,0,,,,,,,,0,,,,,0,0,2100663890,0
112740,,391514.504,298215.22,0,,,,,,,,0,,,,,0,0,2100663891,0
112741,,391696.9226,298332.8143,0,,,,,,,,0,,,,,0,0,2100663892,0
112742,,392035.6209,297959.2073,0,,,,,,,,0,,,,,0,0,2100663893,0
112744,,392001.0627,299699.1303,0,,,,,,,,0,,,,,0,0,2100663895,0
113147,,391554.8142,298824.3823,945,,,,,,,,0,,,,,0,0,2100664308,0
113148,,391573.9566,298827.3373,646,,,,,,,,0,,,,,0,0,2100664309,0
113149,,391562.6813,298833.1775,649,,,,,,,,0,,,,,0,0,2100664310,0
113150,,391568.7857,298814.2408,693,,,,,,,,0,,,,,0,0,2100664311,0
115541,,390548.7057,298106.4044,0,,,,,,,,0,,,,,,0,,0
502860,,391677.0416,299545.9386,0,,,,,,,,0,,,0,,0,0,,0
502869,Wolverhampton,391960.0416,298902.9386,0,,,,,,,,0,,,1,,2,0,,0
502875,,392250.0416,298774.9386,0,,,,,,,,0,,,0,,0,0,,0
506534,Wolverhampton,391970.0416,298912.9386,0,,,,,,,,0,,,,,2,0,,0
507001,Wolverhampton St George's (Midland Metro Stop)__Metro,391643.0313,298479.625,0,,,,,,,,0,,,,,2,0,,0
507002,The Royal (Midland Metro Stop)__Metro,392116.0023,298166.0006,0,,,,,,,,0,,,,,2,0,,0
507101,Wolverhampton St George's (Midland Metro Stop)__Metro,391653.0313,298489.625,0,,,,,,,,0,,,,,2,0,,0
507102,The Royal (Midland Metro Stop)__Metro,392126.0023,298176.0006,0,,,,,,,,0,,,,,2,0,,0
508006,Wolverhampton,391970.0832,298902.8771,0,,,,,,,,0,,,,1,1,0,,0
508069,Wolverhampton St George's (Midland Metro Stop)__Metro,391653.0729,298479.5635,0,,,,,,,,0,,,,2,1,0,,0
508070,The Royal (Midland Metro Stop)__Metro,392126.0439,298165.9391,0,,,,,,,,0,,,,2,1,0,,0
508097,Wolverhampton St George's (Midland Metro Stop)__Metro,391663.1145,298479.5022,0,,,,,,,,0,,,,3,1,0,,0
508098,The Royal (Midland Metro Stop)__Metro,392136.0855,298165.8778,0,,,,,,,,0,,,,3,1,0,,0
512488,,391205.5936,299346.7615,1111,,,,,,,,0,,,,,0,0,,0
512489,,391169.9187,299244.2598,1111,,1,,,,,,0,,,,,0,0,,0
512491,,391865.3722,298130.3414,183,,1,,,,,,0,,,,,0,0,,0
512492,,391858.7319,297910,183,,1,,,,,,0,,,,,0,0,,0
512493,,392242.8327,298550.7452,1884,,1,,,,,,0,,,,,0,0,,0
512494,,392394.9691,298551.5543,1884,,1,,,,,,0,,,,,0,0,,0
512585,,390871.1225,297789.8033,439,,1,,,,,,0,,,,,0,0,,0
512591,,390531.554,298155.3825,964,,1,,,,,,0,,,,,0,0,,0
512669,,391636.6839,299476.1334,1254,,1,,,,,,0,,,,,0,0,,0
512710,,392064.1102,299447.9568,519,,1,,,,,,0,,,,,0,0,,0
512721,,392324.6322,299139.1147,1487,,1,,,,,,0,,,,,0,0,,0
512722,,392822.1277,299463.055,1849,,1,,,,,,0,,,,,0,0,,0
514436,,391968.4249,299025.569,519,,1,,,,,,0,,,,,0,0,,0
514448,,391205.0335,299350.6912,1111,,1,,,,,,0,,,,,0,0,,0
520681,,391066.1901,298300.6826,582,,1,,,,,,0,,,,,0,0,,0
520807,,391563.4455,298308.1463,411,,1,,,,,,0,,,,,0,0,,0
521046,,390791.4841,298562.4497,1795,,1,,,,,,0,,,,,0,0,,0
521065,,391467.0595,298727.398,0,,1,,,,,,0,,,,,0,0,,0
521134,,392020.9784,299027.2008,1206,,1,,,,,,0,,,,,0,0,,0
