﻿$LINK:NO,NAME,FROMNODENO,TONODENO,TYPENO,TSYSSET,LENGTH,NUMLANES,CAPPRT,V0PRT,VOLVEHPRT(AH),VOLVEHPRT(AP)
100151,A4123 BIRMINGHAM ROAD,101559,101586,11,"B,CB,CC,CO,H,L,U",0.132km,1,800,29km/h,90497,248
100151,A4123 BIRMINGHAM ROAD,101586,101559,11,B,0.132km,0,0,29km/h,0,0
100152,CLEVELAND STREET,101550,101568,11,"B,CB,CC,CO,H,L,U,W",0.202km,1,800,29km/h,31763,87
100152,CLEVELAND STREET,101568,101550,11,"B,W",0.202km,0,0,29km/h,0,0
100202,A4123 BIRMINGHAM ROAD,101580,101586,9,"B,CB,CC,CO,H,L,U",0.050km,2,3360,48km/h,268691,736
100202,A4123 BIRMINGHAM ROAD,101586,101580,9,"B,CB,CC,CO,H,L,U",0.050km,2,3360,48km/h,217138,595
100203,A4123 A4123,101565,101575,9,"B,CB,CC,CO,H,L,U",0.037km,2,3360,62km/h,4630,13
100203,A4123 A4123,101575,101565,9,,0.037km,0,0,64km/h,0,0
100205,A4123 GROVE STREET,101566,101580,9,,0.113km,0,0,64km/h,0,0
100205,A4123 GROVE STREET,101580,101566,9,"B,CB,CC,CO,H,L,U",0.113km,3,5040,62km/h,281396,771
100372,A459 DUDLEY ROAD,101565,101574,9,"B,CB,CC,CO,H,L,U",0.160km,4,6720,62km/h,382017,1047
100372,A459 DUDLEY ROAD,101574,101565,9,B,0.160km,0,0,64km/h,0,0
100380,A4150 RING ROAD ST DAVIDS,101618,107029,8,"B,CB,CC,CO,H,L,U",0.168km,2,3540,64km/h,464926,1274
100380,A4150 RING ROAD ST DAVIDS,107029,101618,8,"B,CB,CC,CO,H,L,U",0.168km,2,3540,64km/h,371275,1017
100381,A41 BILSTON ROAD,101637,107031,10,"B,CB,CC,CO,H,L,U",0.079km,2,1600,48km/h,265359,727
100381,A41 BILSTON ROAD,107031,101637,10,"B,CB,CC,CO,H,L,U",0.079km,3,2400,48km/h,292567,802
100382,A4150 RING ROAD ST MARKS,101506,107099,8,"B,CB,CC,CO,H,L,U",0.042km,2,3540,64km/h,838266,2297
100382,,107099,101506,8,B,0.042km,0,0,64km/h,0,0
100385,A4150 RING ROAD ST MARKS,101506,101515,8,"B,CB,CC,CO,H,L,U",0.179km,2,3540,64km/h,277538,760
100385,A4150 RING ROAD ST MARKS,101515,101506,8,"B,CB,CC,CO,H,L,U",0.179km,2,3540,64km/h,838266,2297
100480,A454 CHAPEL ASH,101475,107106,10,"B,CB,CC,CO,H,L,U,W",0.070km,2,2680,29km/h,186136,510
100480,A454 CHAPEL ASH,107106,101475,11,"B,W",0.070km,0,0,29km/h,0,0
100481,A454 COMPTON ROAD,101469,101472,10,"B,CB,CC,CO,H,L,U,W",0.039km,2,1600,29km/h,211878,580
100481,A454 COMPTON ROAD,101472,101469,11,W,0.039km,0,0,29km/h,0,0
100483,A4150 RING ROAD ST GEORGES,107032,107060,8,"B,CB,CC,CO,H,L,U",0.285km,2,3540,64km/h,429064,1176
100483,A4150 RING ROAD ST GEORGES,107060,107032,8,"B,CB,CC,CO,H,L,U",0.285km,2,3540,64km/h,253330,694
100484,A454 MIDDLE CROSS,101648,107030,11,"B,CB,CC,CO,H,L,U",0.141km,1,800,29km/h,343826,942
100484,A454 MIDDLE CROSS,107030,101648,11,"B,CB,CC,CO,H,L,U",0.141km,2,1600,29km/h,208666,572
100485,A41 BILSTON ROAD,101637,101658,10,"B,CB,CC,CO,H,L,U",0.157km,2,1600,48km/h,292567,802
100485,A41 BILSTON ROAD,101658,101637,10,"B,CB,CC,CO,H,L,U",0.157km,2,1600,48km/h,198647,544
103099,A459 DUDLEY ROAD,101559,101566,9,"B,CB,CC,CO,H,L,U",0.057km,1,1680,48km/h,217404,596
103099,A459 DUDLEY ROAD,101566,101559,9,"B,CB,CC,CO,H,L,U",0.057km,1,1680,48km/h,112154,307
104166,PRINCESS STREET,101573,101576,11,"B,W",0.040km,1,800,29km/h,0,0
104166,PRINCESS STREET,101576,101573,11,"B,W",0.040km,1,800,29km/h,0,0
104178,QUEEN STREET,101585,101604,11,"B,CB,CC,CO,H,L,U,W",0.196km,1,800,29km/h,0,0
104178,QUEEN STREET,101604,101585,11,W,0.196km,0,0,29km/h,0,0
104217,VICTORIA STREET,101534,101539,11,"B,CB,CC,CO,H,L,U,W",0.091km,1,800,29km/h,15755,43
104217,VICTORIA STREET,101539,101534,11,"B,CB,CC,CO,H,L,U,W",0.091km,1,800,29km/h,38521,106
105266,HORSELEY FIELDS,101648,107180,10,"B,CB,CC,CO,H,L,U",0.117km,1,800,48km/h,72104,198
105266,HORSELEY FIELDS,107180,101648,10,"B,CB,CC,CO,H,L,U",0.117km,2,1600,48km/h,200377,549
105270,ST GEORGE'S PARADE,101568,107062,11,"B,W",0.219km,0,0,29km/h,0,0
105270,ST GEORGE'S PARADE,107062,101568,11,"B,CB,CC,CO,H,L,U,W",0.219km,2,1600,29km/h,194912,534
105271,BROAD STREET,101587,107094,11,"B,CB,CC,CO,H,L,U,W",0.039km,1,800,29km/h,104644,287
105271,BROAD STREET,107094,101587,11,"B,CB,CC,CO,H,L,U,W",0.039km,1,800,29km/h,119509,327
105273,BERRY STREET,101576,101604,11,"B,W",0.177km,0,0,29km/h,0,0
105273,BERRY STREET,101604,101576,11,"B,CB,CC,CO,H,L,U,W",0.177km,1,800,29km/h,88894,244
105276,PRINCESS STREET,101572,101576,11,"B,W",0.063km,0,0,29km/h,0,0
105276,PRINCESS STREET,101576,101572,11,"B,CB,CC,CO,H,L,U,W",0.063km,1,800,29km/h,88894,244
105279,A4123 BIRMINGHAM ROAD,101575,107061,9,B,0.082km,0,0,64km/h,0,0
105279,A4123 BIRMINGHAM ROAD,107061,101575,9,"B,CB,CC,CO,H,L,U",0.082km,3,5040,62km/h,328319,900
105281,A459 DUDLEY ROAD,101565,101566,9,B,0.190km,0,0,64km/h,0,0
105281,A459 DUDLEY ROAD,101566,101565,9,"B,CB,CC,CO,H,L,U",0.190km,3,5040,62km/h,386646,1059
105283,A4150 RING ROAD ST JOHNS,101574,107055,8,"B,CB,CC,CO,H,L,U",0.292km,2,3540,64km/h,501879,1375
105283,A4150 RING ROAD ST JOHNS,107055,101574,8,"B,CB,CC,CO,H,L,U",0.292km,2,3540,64km/h,294521,807
105291,CLEVELAND STREET,101534,101550,11,"B,CB,CC,CO,H,L,U,W",0.129km,2,1600,29km/h,186471,511
105291,CLEVELAND STREET,101550,101534,11,W,0.129km,0,0,29km/h,0,0
105298,A4150 RING ROAD ST ANDREWS,101496,101520,8,"B,CB,CC,CO,H,L,U",0.194km,2,3540,64km/h,529302,1450
105298,A4150 RING ROAD ST ANDREWS,101520,101496,8,"B,CB,CC,CO,H,L,U",0.194km,2,3540,64km/h,265133,726
105302,SALOP STREET,101534,107048,11,W,0.106km,0,0,29km/h,0,0
105302,SALOP STREET,107048,101534,11,"B,CB,CC,CO,H,L,U,W",0.106km,2,1600,29km/h,103650,284
105315,A454 COMPTON ROAD,101469,107106,11,B,0.025km,0,0,29km/h,0,0
105315,A454 COMPTON ROAD,107106,101469,11,"B,CB,CC,CO,H,L,U,W",0.025km,1,800,29km/h,109368,300
105792,GARRICK STREET,101568,107063,11,"B,CB,CC,CO,H,L,U,W",0.054km,1,800,29km/h,206881,567
105792,GARRICK STREET,107063,101568,11,W,0.054km,1,800,29km/h,0,0
105793,PARK ROAD EAST,101485,107166,10,"B,CB,CC,CO,H,L,U",0.381km,1,800,29km/h,142195,390
105793,PARK ROAD EAST,107166,101485,10,"B,CB,CC,CO,H,L,U",0.381km,1,800,29km/h,21615,59
105794,BATH ROAD,101485,101496,11,"B,CB,CC,CO,H,L,U",0.150km,1,800,29km/h,103909,285
105794,BATH ROAD,101496,101485,11,"B,CB,CC,CO,H,L,U",0.150km,1,800,29km/h,126319,346
105886,WATERLOO ROAD,101520,107095,11,"B,CB,CC,CO,H,L,U",0.089km,2,1600,29km/h,250248,686
105886,WATERLOO ROAD,107095,101520,11,"B,CB,CC,CO,H,L,U",0.089km,3,2400,29km/h,327036,896
105887,A4150 RING ROAD ST ANDREWS,101520,107012,8,"B,CB,CC,CO,H,L,U",0.375km,3,5310,64km/h,552528,1514
105887,A4150 RING ROAD ST ANDREWS,107012,101520,8,"B,CB,CC,CO,H,L,U",0.375km,2,3540,64km/h,182020,499
105888,BILSTON STREET,101597,105347,11,W,0.140km,0,0,29km/h,0,0
105888,BILSTON STREET,105347,101597,11,"B,CB,CC,CO,H,L,U,W",0.140km,2,1600,29km/h,248681,681
105889,BILSTON STREET,101597,107033,11,"B,CB,CC,CO,H,L,U,W",0.066km,2,1600,29km/h,349821,958
105889,BILSTON STREET,107033,101597,11,B,0.066km,0,0,29km/h,0,0
105891,A4123 BIRMINGHAM ROAD,101575,101580,9,"B,CB,CC,CO,H,L,U",0.198km,3,5040,62km/h,332949,912
105891,A4123 BIRMINGHAM ROAD,101580,101575,9,B,0.198km,0,0,64km/h,0,0
106534,FRYER STREET,105666,107094,11,"B,CB,CC,CO,H,L,U,W",0.003km,2,1600,29km/h,0,0
106534,FRYER STREET,107094,105666,11,"B,CB,CC,CO,H,L,U,W",0.003km,1,800,29km/h,0,0
106535,FRYER STREET,105666,107104,11,"B,CB,CC,CO,H,L,U,W",0.137km,1,800,29km/h,0,0
106535,FRYER STREET,107104,105666,11,"B,CB,CC,CO,H,L,U,W",0.137km,1,800,29km/h,0,0
106572,,107060,107061,9,"B,CB,CC,CO,H,L,U",0.107km,1,1680,62km/h,159189,436
106572,,107061,107060,9,,0.107km,0,0,64km/h,0,0
106574,A449 STAFFORD STREET,101564,105696,8,"B,CB,CC,CO,H,L,U",0.032km,2,3540,64km/h,435339,1193
106574,A449 STAFFORD STREET,105696,101564,8,"B,CB,CC,CO,H,L,U",0.032km,2,3540,64km/h,226505,621
106575,A460 CANNOCK ROAD,101564,105697,11,"B,CB,CC,CO,H,L,U",0.026km,1,800,29km/h,130995,359
106575,A460 CANNOCK ROAD,105697,101564,11,"B,CB,CC,CO,H,L,U",0.026km,1,800,29km/h,249555,684
106577,,105696,105697,11,"B,CB,CC,CO,H,L,U",0.028km,1,800,29km/h,77274,212
106577,,105697,105696,11,,0.028km,0,0,29km/h,0,0
108326,A4150 RING ROAD ST PETERS,101558,107012,8,"B,CB,CC,CO,H,L,U",0.081km,2,3540,64km/h,182020,499
108326,A4150 RING ROAD ST PETERS,107012,101558,8,"B,CB,CC,CO,H,L,U",0.081km,4,7080,64km/h,246993,677
108327,A449 STAFFORD STREET,101558,107013,8,"B,CB,CC,CO,H,L,U",0.086km,2,3540,64km/h,221961,608
108327,A449 STAFFORD STREET,107013,101558,8,"B,CB,CC,CO,H,L,U",0.086km,3,5310,64km/h,397895,1090
108328,A4150 RING ROAD ST PETERS,107012,107013,9,"B,CB,CC,CO,H,L,U",0.128km,1,1680,62km/h,305535,837
108328,A4150 RING ROAD ST PETERS,107013,107012,9,,0.128km,0,0,64km/h,0,0
108348,A4150 A4150,107029,107042,8,"B,CB,CC,CO,H,L,U",0.065km,2,3540,64km/h,464926,1274
108348,A4150 A4150,107042,107029,8,B,0.065km,0,0,64km/h,0,0
108349,A4150 A4150,107030,107035,11,"B,CB,CC,CO,H,L,U",0.083km,3,2400,29km/h,343826,942
108349,A4150 A4150,107035,107030,11,W,0.083km,0,0,29km/h,0,0
108350,A4150 A4150,107031,107037,11,"B,CB,CC,CO,H,L,U",0.062km,3,2400,29km/h,265359,727
108350,A4150 A4150,107037,107031,11,B,0.062km,0,0,29km/h,0,0
108351,A4150 A4150,107032,107039,8,"B,CB,CC,CO,H,L,U",0.082km,4,7080,64km/h,253330,694
108351,A4150 A4150,107039,107032,8,,0.082km,0,0,64km/h,0,0
108352,A4150 A4150,107033,107040,11,"B,CB,CC,CO,H,L,U,W",0.027km,2,1600,29km/h,349821,958
108352,A4150 A4150,107040,107033,11,B,0.027km,0,0,29km/h,0,0
108353,A4150 A4150,107031,107034,11,,0.060km,0,0,29km/h,0,0
108353,A4150 A4150,107034,107031,11,"B,CB,CC,CO,H,L,U",0.060km,2,1600,29km/h,292567,802
108354,A4150 A4150,107034,107035,11,"B,W",0.029km,0,0,29km/h,0,0
108354,A4150 A4150,107035,107034,11,"B,CB,CC,CO,H,L,U",0.029km,3,2400,29km/h,965157,2644
108355,A4150 A4150,107032,107036,8,,0.079km,0,0,64km/h,0,0
108355,A4150 A4150,107036,107032,8,"B,CB,CC,CO,H,L,U",0.079km,2,3540,64km/h,429064,1176
108356,A4150 A4150,107036,107037,11,"B,W",0.027km,0,0,29km/h,0,0
108356,A4150 A4150,107037,107036,11,"B,CB,CC,CO,H,L,U",0.027km,4,3200,29km/h,937949,2570
108357,BILSTON STREET,101597,107038,11,"B,W",0.101km,0,0,29km/h,0,0
108357,BILSTON STREET,107038,101597,11,"B,CB,CC,CO,H,L,U,W",0.101km,2,1600,29km/h,374641,1026
108358,A4150 A4150,107038,107039,11,"B,W",0.015km,0,0,29km/h,0,0
108358,A4150 A4150,107039,107038,11,"B,CB,CC,CO,H,L,U",0.015km,4,3200,29km/h,762215,2088
108359,A4150 A4150,107040,107041,11,"B,CB,CC,CO,H,L,U,W",0.018km,3,2400,29km/h,736346,2017
108359,A4150 A4150,107041,107040,11,"B,W",0.018km,0,0,29km/h,0,0
108360,A4150 A4150,107029,107041,8,B,0.065km,0,0,64km/h,0,0
108360,A4150 A4150,107041,107029,8,"B,CB,CC,CO,H,L,U",0.065km,2,3540,64km/h,371275,1017
108361,A4150 A4150,107042,107043,11,"B,CB,CC,CO,H,L,U,W",0.022km,4,3200,29km/h,829997,2274
108361,A4150 A4150,107043,107042,11,"B,W",0.022km,0,0,29km/h,0,0
108362,A4150 A4150,107030,107043,11,"B,W",0.079km,0,0,29km/h,0,0
108362,A4150 A4150,107043,107030,11,"B,CB,CC,CO,H,L,U,W",0.079km,2,1600,29km/h,208666,572
108363,A4150 A4150,107041,107042,11,"B,CB,CC,CO,H,L,U,W",0.053km,3,2400,29km/h,365071,1000
108363,A4150 A4150,107042,107041,11,"B,W",0.053km,0,0,29km/h,0,0
108364,A4150 A4150,107035,107043,11,B,0.037km,0,0,29km/h,0,0
108364,A4150 A4150,107043,107035,11,"B,CB,CC,CO,H,L,U",0.037km,3,2400,29km/h,621331,1702
108365,A4150 A4150,107034,107037,11,"B,CB,CC,CO,H,L,U",0.032km,3,2400,29km/h,672590,1843
108365,A4150 A4150,107037,107034,11,"B,W",0.032km,0,0,29km/h,0,0
108366,A4150 A4150,107036,107039,11,"B,CB,CC,CO,H,L,U",0.057km,3,2400,29km/h,508885,1394
108366,A4150 A4150,107039,107036,11,"B,W",0.057km,0,0,29km/h,0,0
108367,A4150 A4150,107038,107040,11,"B,CB,CC,CO,H,L,U,W",0.047km,3,2400,29km/h,386525,1059
108367,A4150 A4150,107040,107038,11,"B,W",0.047km,0,0,29km/h,0,0
108372,WORCESTER STREET,101534,107050,11,"B,W",0.098km,0,0,29km/h,0,0
108372,WORCESTER STREET,107050,101534,11,"B,CB,CC,CO,H,L,U,W",0.098km,2,1600,29km/h,60054,165
108373,WORCESTER STREET,107050,107051,11,"B,CB,CC,CO,H,L,U,W",0.037km,2,1600,29km/h,244628,670
108373,WORCESTER STREET,107051,107050,11,"B,W",0.037km,0,0,29km/h,0,0
108374,PITT STREET,107049,107050,11,"B,CB,CC,CO,H,L,U,W",0.113km,2,1600,29km/h,304682,835
108374,PITT STREET,107050,107049,11,W,0.113km,0,0,29km/h,0,0
108375,VICTORIA STREET,101539,107053,11,"B,W",0.192km,0,0,29km/h,0,0
108375,VICTORIA STREET,107053,101539,11,"B,W",0.192km,1,800,29km/h,0,0
108376,SALOP STREET,107048,107054,11,"B,CB,CC,CO,H,L,U,W",0.090km,1,800,29km/h,5361,15
108376,SALOP STREET,107054,107048,11,"B,CB,CC,CO,H,L,U,W",0.090km,1,800,29km/h,80438,220
108378,A4150 A4150,107052,107058,11,B,0.027km,0,0,29km/h,0,0
108378,A4150  PENN RD ISLAND,107058,107052,11,"B,CB,CC,CO,H,L,U,W",0.027km,3,2400,29km/h,310126,850
108379,A4150 RING ROAD ST JOHNS,101574,107060,8,"B,CB,CC,CO,H,L,U",0.066km,2,3540,64km/h,253330,694
108379,A4150 RING ROAD ST JOHNS,107060,101574,8,"B,CB,CC,CO,H,L,U",0.066km,2,3540,64km/h,269875,739
108380,A4150 RING ROAD ST JOHNS,101574,107061,9,"B,CB,CC,CO,H,L,U",0.073km,2,3360,62km/h,169130,463
108380,A4150 RING ROAD ST JOHNS,107061,101574,9,B,0.073km,0,0,64km/h,0,0
108381,BILSTON STREET,101597,107062,11,"B,CB,CC,CO,H,L,U,W",0.087km,1,800,29km/h,221366,606
108381,BILSTON STREET,107062,101597,11,"B,W",0.087km,0,0,29km/h,0,0
108382,BILSTON STREET,105347,107063,11,W,0.083km,0,0,29km/h,0,0
108382,BILSTON STREET,107063,105347,11,"B,CB,CC,CO,H,L,U,W",0.083km,1,800,29km/h,248681,681
108383,MARKET STREET,101573,101585,11,"B,W",0.047km,1,800,29km/h,0,0
108383,MARKET STREET,101585,101573,11,"B,W",0.047km,1,800,29km/h,0,0
108384,MARKET STREET,101585,107103,11,"B,W",0.076km,1,800,29km/h,0,0
108384,MARKET STREET,107103,101585,11,"B,CB,CC,CO,H,L,U,W",0.076km,1,800,29km/h,0,0
108411,BATH ROAD,101485,107107,11,"B,CB,CC,CO,H,L,U",0.153km,1,800,29km/h,0,0
108411,BATH ROAD,107107,101485,11,"B,CB,CC,CO,H,L,U",0.153km,1,800,29km/h,98170,269
108417,WATERLOO ROAD,105346,107095,11,"B,CB,CC,CO,H,L,U",0.039km,2,1600,29km/h,327036,896
108417,WATERLOO ROAD,107095,105346,11,"B,CB,CC,CO,H,L,U",0.039km,2,1600,29km/h,250248,686
108419,,107098,107099,8,B,0.062km,0,0,64km/h,0,0
108419,A4150 RING ROAD ST MARKS,107099,107098,8,"B,CB,CC,CO,H,L,U",0.062km,4,7080,64km/h,838266,2297
108420,A4150  PENN RD ISLAND,107057,107058,11,"B,CB,CC,CO,H,L,U",0.028km,3,2400,29km/h,438048,1200
108420,A4150 A4150,107058,107057,11,B,0.028km,0,0,29km/h,0,0
108421,SHARROCKS STREET,101658,107100,10,"B,CB,CC,CO,H,L,U",0.356km,1,800,48km/h,19519,53
108421,SHARROCKS STREET,107100,101658,10,"B,CB,CC,CO,H,L,U",0.356km,1,800,48km/h,19906,55
108423,GRAISELEY STREET,101490,107102,11,"B,CB,CC,CO,H,L,U",0.051km,1,800,29km/h,0,0
108423,GRAISELEY STREET,107102,101490,11,"B,CB,CC,CO,H,L,U",0.051km,1,800,29km/h,0,0
108485,A449 PENN ROAD,101499,107160,8,"B,CB,CC,CO,H,L,U",0.060km,2,3540,64km/h,373518,1023
108485,A449 PENN ROAD,107160,101499,8,"B,CB,CC,CO,H,L,U",0.060km,2,3540,64km/h,307869,843
108496,LANSDOWNE ROAD,101465,107166,11,"B,CB,CC,CO,H,L,U",0.178km,1,800,29km/h,0,0
108496,LANSDOWNE ROAD,107166,101465,11,"B,CB,CC,CO,H,L,U",0.178km,1,800,29km/h,96545,265
108507,SUN STREET,101661,107174,10,"B,CB,CC,CO,H,L,U",0.208km,1,800,48km/h,135584,371
108507,SUN STREET,107174,101661,10,"B,CB,CC,CO,H,L,U",0.208km,1,800,48km/h,164170,450
108509,SCHOOL STREET,101526,107177,11,"B,CB,CC,CO,H,L,U,W",0.110km,1,800,29km/h,22434,61
108509,SCHOOL STREET,107177,101526,11,"B,CB,CC,CO,H,L,U,W",0.110km,2,1600,29km/h,176827,484
108510,SKINNER STREET,101539,107177,11,"B,CB,CC,CO,H,L,U,W",0.134km,2,1600,29km/h,106114,291
108510,SKINNER STREET,107177,101539,11,W,0.134km,0,0,29km/h,0,0
108513,BATH ROAD,101472,107107,11,"B,CB,CC,CO,H,L,U",0.087km,1,800,29km/h,98170,269
108513,BATH ROAD,107107,101472,11,,0.087km,0,0,29km/h,0,0
108514,A41 CHAPEL ASH,101472,101475,10,"B,CB,CC,CO,H,L,U,W",0.065km,2,2680,48km/h,296864,813
108514,A41 CHAPEL ASH,101475,101472,11,"B,CB,CC,CO,H,L,U,W",0.065km,2,1600,29km/h,172209,472
108517,HORSELEY FIELDS,101618,107180,11,"B,CB,CC,CO,H,L,U",0.112km,2,1600,29km/h,114848,315
108517,HORSELEY FIELDS,107180,101618,11,,0.112km,0,0,29km/h,0,0
108518,HORSELEY FIELDS,107180,107181,11,,0.068km,0,0,29km/h,0,0
108518,HORSELEY FIELDS,107181,107180,11,"B,CB,CC,CO,H,L,U",0.068km,1,800,29km/h,0,0
111360,A4124 WEDNESFIELD ROAD,101633,109322,10,"B,CB,CC,CO,H,L,U",0.172km,1,800,48km/h,206202,565
111360,A4124 WEDNESFIELD ROAD,109322,101633,10,"B,CB,CC,CO,H,L,U",0.172km,1,800,48km/h,266354,730
111361,A4150 RING ROAD ST PATRICKS,101558,109323,8,"B,CB,CC,CO,H,L,U",0.076km,2,3540,64km/h,472949,1296
111361,A4150 RING ROAD ST PATRICKS,109323,101558,8,"B,CB,CC,CO,H,L,U",0.076km,2,3540,64km/h,187858,515
111362,A4150 RING ROAD ST PATRICKS,109315,109323,8,B,0.169km,0,0,64km/h,0,0
111362,A4150 RING ROAD ST PATRICKS,109323,109315,8,"B,CB,CC,CO,H,L,U",0.169km,3,5310,64km/h,472949,1296
111363,A4150 RING ROAD ST PATRICKS,109315,109321,11,"B,CB,CC,CO,H,L,U",0.048km,3,2400,29km/h,577592,1582
111363,A4150 RING ROAD ST PATRICKS,109321,109315,11,B,0.048km,0,0,29km/h,0,0
111364,A4150 RING ROAD ST DAVIDS,109320,109321,11,B,0.058km,0,0,29km/h,0,0
111364,A4150 RING ROAD ST DAVIDS,109321,109320,11,"B,CB,CC,CO,H,L,U",0.058km,2,1600,29km/h,670159,1836
111365,RAILWAY DRIVE,101618,109324,8,"B,CB,CC,CO,H,L,U",0.175km,2,3540,64km/h,371275,1017
111365,RAILWAY DRIVE,109324,101618,8,"B,CB,CC,CO,H,L,U",0.175km,2,3540,64km/h,579774,1588
111366,A4150 RING ROAD ST DAVIDS,109320,109324,8,"B,CB,CC,CO,H,L,U",0.049km,2,3540,64km/h,579774,1588
111366,A4150 RING ROAD ST DAVIDS,109324,109320,8,B,0.049km,0,0,64km/h,0,0
111367,A4150 RING ROAD ST DAVIDS,109319,109324,8,B,0.044km,0,0,64km/h,0,0
111367,A4150 RING ROAD ST DAVIDS,109324,109319,8,"B,CB,CC,CO,H,L,U",0.044km,2,3540,64km/h,371275,1017
111368,A4150 RING ROAD ST DAVIDS,109318,109319,11,B,0.018km,0,0,29km/h,0,0
111368,A4150 RING ROAD ST DAVIDS,109319,109318,11,"B,CB,CC,CO,H,L,U",0.018km,3,2400,29km/h,461661,1265
111369,A4150 RING ROAD ST DAVIDS,109317,109318,11,B,0.019km,0,0,29km/h,0,0
111369,A4150 RING ROAD ST DAVIDS,109318,109317,11,"B,CB,CC,CO,H,L,U",0.019km,3,2400,29km/h,307367,842
111370,A4150 RING ROAD ST PATRICKS,109316,109317,11,B,0.062km,0,0,29km/h,0,0
111370,A4150 RING ROAD ST PATRICKS,109317,109316,11,"B,CB,CC,CO,H,L,U",0.062km,2,1600,29km/h,292502,801
111371,A4150 RING ROAD ST PATRICKS,109316,109323,8,"B,CB,CC,CO,H,L,U",0.151km,2,3540,64km/h,187858,515
111371,A4150 RING ROAD ST PATRICKS,109323,109316,8,,0.151km,0,0,64km/h,0,0
111372,A4150 RING ROAD ST DAVIDS,109319,109320,11,,0.043km,0,0,29km/h,0,0
111372,A4150 RING ROAD ST DAVIDS,109320,109319,11,"B,CB,CC,CO,H,L,U",0.043km,2,1600,29km/h,90386,248
111373,A4124 WEDNESFIELD ROAD,109318,109321,9,"B,CB,CC,CO,H,L,U",0.056km,2,3360,62km/h,154294,423
111373,A4124 WEDNESFIELD ROAD,109321,109318,9,B,0.056km,0,0,64km/h,0,0
111374,A4124 WEDNESFIELD ROAD,109321,109322,8,"B,CB,CC,CO,H,L,U",0.029km,1,1770,64km/h,266354,730
111374,A4124 WEDNESFIELD ROAD,109322,109321,8,"B,CB,CC,CO,H,L,U",0.029km,1,1770,64km/h,204627,561
111375,A4150 RING ROAD ST PATRICKS,109315,109316,11,B,0.044km,0,0,29km/h,0,0
111375,A4150 RING ROAD ST PATRICKS,109316,109315,11,"B,CB,CC,CO,H,L,U",0.044km,2,1600,29km/h,104644,287
111415,,107174,107180,10,"B,CB,CC,CO,H,L,U",0.393km,1,800,48km/h,100804,276
111415,,107180,107174,10,"B,CB,CC,CO,H,L,U",0.393km,1,800,48km/h,87379,239
111422,A4124 WEDNESFIELD ROAD,109417,109418,8,"B,CB,CC,CO,H,L,U",0.172km,1,1770,48km/h,223503,612
111422,A4124 WEDNESFIELD ROAD,109418,109417,8,"B,CB,CC,CO,H,L,U",0.172km,2,3540,48km/h,303593,832
111423,,109418,109419,10,"B,CB,CC,CO,H,L,U",0.089km,1,800,48km/h,168281,461
111423,,109419,109418,10,"B,CB,CC,CO,H,L,U",0.089km,1,800,48km/h,133566,366
111435,A4150 A4150,107097,109426,11,"B,CB,CC,CO,H,L,U",0.051km,3,2400,64km/h,946758,2594
111435,A4150 A4150,109426,107097,11,B,0.051km,0,0,29km/h,0,0
111436,A4150 A4150,101500,109426,11,B,0.031km,0,0,29km/h,0,0
111436,A4150 A4150,109426,101500,11,"B,CB,CC,CO,H,L,U",0.031km,3,2400,64km/h,395047,1082
111437,A4150 A4150,101496,109427,8,"B,CB,CC,CO,H,L,U",0.056km,2,3540,64km/h,265133,726
111437,A4150 A4150,109427,101496,8,"B,CB,CC,CO,H,L,U",0.056km,2,3540,64km/h,551712,1512
111438,,101500,109427,8,,0.102km,0,0,64km/h,0,0
111438,A4150 A4150,109427,101500,8,"B,CB,CC,CO,H,L,U",0.102km,2,3540,64km/h,265133,726
111439,A4150 A4150,101500,109428,11,"B,CB,CC,CO,H,L,U",0.037km,3,2400,64km/h,660180,1809
111439,A4150 A4150,109428,101500,11,B,0.037km,0,0,29km/h,0,0
111440,A4150 A4150,101503,109428,11,,0.029km,0,0,29km/h,0,0
111440,A4150 A4150,109428,101503,11,"B,CB,CC,CO,H,L,U",0.029km,3,2400,64km/h,554667,1520
111441,A4150 A4150,107098,109429,11,,0.026km,0,0,29km/h,0,0
111441,A4150 A4150,109429,107098,11,"B,CB,CC,CO,H,L,U",0.026km,2,1600,64km/h,169973,466
111442,A4150 A4150,101503,109429,11,"B,CB,CC,CO,H,L,U",0.045km,4,3200,64km/h,688520,1886
111442,A4150 A4150,109429,101503,11,,0.045km,0,0,29km/h,0,0
111443,,107097,109430,8,B,0.025km,0,0,64km/h,0,0
111443,A41 CHAPEL ASH,109430,107097,8,"B,CB,CC,CO,H,L,U",0.025km,3,5310,64km/h,296864,813
111444,A41 CHAPEL ASH,101488,109430,8,"B,CB,CC,CO,H,L,U",0.057km,3,5310,48km/h,296864,813
111444,A41 CHAPEL ASH,109430,101488,8,"B,CB,CC,CO,H,L,U",0.057km,3,3540,29km/h,358345,982
111445,,101503,109431,11,,0.034km,0,0,29km/h,0,0
111445,DARLINGTON STREET,109431,101503,11,"B,CB,CC,CO,H,L,U",0.034km,2,1600,29km/h,133853,367
111446,DARLINGTON STREET,101526,109431,11,"B,CB,CC,CO,H,L,U,W",0.118km,1,800,29km/h,133853,367
111446,DARLINGTON STREET,109431,101526,11,"B,CB,CC,CO,H,L,U,W",0.118km,1,800,29km/h,105513,289
111448,A4150 A4150,109426,109427,8,"B,CB,CC,CO,H,L,U",0.107km,2,3540,64km/h,551712,1512
111448,,109427,109426,8,,0.107km,0,0,64km/h,0,0
111449,,101506,109429,8,,0.104km,0,0,64km/h,0,0
111449,A4150 RING ROAD ST MARKS,109429,101506,8,"B,CB,CC,CO,H,L,U",0.104km,2,3540,64km/h,518547,1421
111450,A41 CHAPEL ASH,107098,109432,11,"B,CB,CC,CO,H,L,U",0.048km,4,3200,64km/h,1008239,2762
111450,A41 CHAPEL ASH,109432,107098,11,B,0.048km,0,0,29km/h,0,0
111451,A41 CHAPEL ASH,107097,109432,11,B,0.015km,0,0,29km/h,0,0
111451,A41 CHAPEL ASH,109432,107097,11,"B,CB,CC,CO,H,L,U",0.015km,2,1600,64km/h,649894,1781
111452,,109430,109432,8,B,0.028km,0,0,64km/h,0,0
111452,A41 CHAPEL ASH,109432,109430,8,"B,CB,CC,CO,H,L,U",0.028km,2,3540,64km/h,358345,982
111453,DARLINGTON STREET,109428,109431,11,"B,CB,CC,CO,H,L,U",0.035km,2,1600,29km/h,105513,289
111453,,109431,109428,11,B,0.035km,0,0,29km/h,0,0
111454,A449 PENN ROAD,107160,109433,8,"B,CB,CC,CO,H,L,U",0.192km,2,3540,64km/h,430463,1179
111454,A449 PENN ROAD,109433,107160,8,"B,CB,CC,CO,H,L,U",0.192km,2,3540,64km/h,308841,846
111455,,107056,109433,8,B,0.095km,0,0,64km/h,0,0
111455,A449 PENN ROAD,109433,107056,8,"B,CB,CC,CO,H,L,U",0.095km,2,3540,64km/h,430463,1179
111456,A4150 A4150,101515,109434,8,"B,CB,CC,CO,H,L,U",0.034km,2,3540,64km/h,277538,760
111456,A4150 A4150,109434,101515,8,"B,CB,CC,CO,H,L,U",0.034km,2,3540,64km/h,780700,2139
111457,,107057,109434,8,B,0.109km,0,0,64km/h,0,0
111457,A4150 A4150,109434,107057,8,"B,CB,CC,CO,H,L,U",0.109km,3,5310,64km/h,277538,760
111458,A4150 A4150,107056,109435,11,,0.024km,0,0,29km/h,0,0
111458,A4150  PENN RD ISLAND,109435,107056,11,"B,CB,CC,CO,H,L,U",0.024km,3,2400,29km/h,510747,1399
111459,A4150  PENN RD ISLAND,107052,109436,11,"B,CB,CC,CO,H,L,U",0.027km,5,4000,29km/h,612231,1677
111459,A4150 A4150,109436,107052,11,B,0.027km,0,0,29km/h,0,0
111461,A4150 A4150,107056,109437,11,"B,CB,CC,CO,H,L,U",0.033km,3,2400,29km/h,941210,2579
111461,A4150 A4150,109437,107056,11,B,0.033km,0,0,29km/h,0,0
111462,A4150 A4150,107057,109437,11,B,0.036km,0,0,29km/h,0,0
111462,A4150 PENN RD ISLAND,109437,107057,11,"B,CB,CC,CO,H,L,U",0.036km,2,1600,29km/h,160511,440
111463,,109434,109437,8,,0.129km,0,0,64km/h,0,0
111463,,109437,109434,8,"B,CB,CC,CO,H,L,U",0.129km,2,3540,64km/h,780700,2139
111464,,107055,109436,8,,0.121km,0,0,64km/h,0,0
111464,,109436,107055,8,"B,CB,CC,CO,H,L,U",0.121km,2,3540,64km/h,294521,807
112791,LICHFIELD STREET,101572,107104,11,"B,CB,CC,CO,H,L,U,W",0.176km,1,800,29km/h,0,0
112791,LICHFIELD STREET,107104,101572,11,"B,CB,CC,CO,H,L,U,W",0.176km,1,800,29km/h,0,0
112792,0,101604,107104,11,"B,W",0.081km,1,800,29km/h,0,0
112792,0,107104,101604,11,"B,W",0.081km,1,800,29km/h,0,0
112955,A4150  PENN RD ISLAND,109436,110285,11,"B,CB,CC,CO,H,L,U",0.045km,3,2400,29km/h,317709,870
112955,A4150 A4150,110285,109436,11,B,0.045km,0,0,29km/h,0,0
112956,A4150 A4150,109435,110285,11,,0.054km,0,0,29km/h,0,0
112956,A4150  PENN RD ISLAND,110285,109435,11,"B,CB,CC,CO,H,L,U",0.054km,2,1600,29km/h,510747,1399
112957,A4150 RING ROAD ST JOHNS,107055,110285,8,"B,CB,CC,CO,H,L,U",0.132km,4,7080,64km/h,501879,1375
112957,A4150 RING ROAD ST JOHNS,110285,107055,8,,0.132km,0,0,64km/h,0,0
112958,A4150 RING ROAD ST JOHNS,109433,110285,8,B,0.139km,0,0,64km/h,0,0
112958,A4150 RING ROAD ST JOHNS,110285,109433,8,"B,CB,CC,CO,H,L,U",0.139km,2,3540,64km/h,308841,846
113684,A449 STAFFORD STREET,107013,110697,8,"B,CB,CC,CO,H,L,U",0.166km,3,5310,64km/h,527497,1445
113684,A449 STAFFORD STREET,110697,107013,8,"B,CB,CC,CO,H,L,U",0.166km,2,3540,64km/h,406788,1114
113685,A449 STAFFORD STREET,101564,110697,8,"B,CB,CC,CO,H,L,U",0.090km,2,3540,64km/h,456198,1250
113685,A449 STAFFORD STREET,110697,101564,8,"B,CB,CC,CO,H,L,U",0.090km,3,5310,64km/h,546473,1497
113691,A460 CANNOCK ROAD,101602,110701,9,"B,CB,CC,CO,H,L,U",0.276km,1,1680,48km/h,246337,675
113691,A460 CANNOCK ROAD,110701,101602,9,"B,CB,CC,CO,H,L,U",0.276km,1,1680,48km/h,352736,966
113707,SNOW HILL,101574,110712,11,"B,CB,CC,CO,H,L,U",0.109km,1,800,29km/h,73483,201
113707,SNOW HILL,110712,101574,11,"B,CB,CC,CO,H,L,U",0.109km,1,800,29km/h,51410,141
113867,SCHOOL STREET,107048,110808,11,"B,CB,CC,CO,H,L,U,W",0.066km,1,800,29km/h,0,0
113867,SCHOOL STREET,110808,107048,11,"B,CB,CC,CO,H,L,U,W",0.066km,2,1600,29km/h,28573,78
113868,SCHOOL STREET,107177,110808,11,"B,CB,CC,CO,H,L,U,W",0.034km,2,1600,29km/h,27369,75
113868,SCHOOL STREET,110808,107177,11,"B,CB,CC,CO,H,L,U,W",0.034km,1,800,29km/h,75648,207
113878,BELL STREET,101539,110814,11,"B,W",0.109km,1,800,29km/h,0,0
113878,BELL STREET,110814,101539,11,"B,CB,CC,CO,H,L,U,W",0.109km,1,800,29km/h,128881,353
113879,BELL STREET,101550,110814,11,"B,CB,CC,CO,H,L,U,W",0.073km,1,800,29km/h,149080,408
113879,BELL STREET,110814,101550,11,"B,CB,CC,CO,H,L,U,W",0.073km,1,800,29km/h,31709,87
114563,,107053,111198,11,,0.113km,0,0,29km/h,0,0
114563,,111198,107053,11,"B,CB,CC,CO,H,L,U",0.113km,1,800,29km/h,26085,71
114564,,111201,111203,11,"B,CB,CC,CO,H,L,U",0.182km,1,800,29km/h,0,0
114564,,111203,111201,11,,0.182km,0,0,29km/h,0,0
114565,,111202,111203,11,,0.072km,0,0,29km/h,0,0
114565,,111203,111202,11,"B,CB,CC,CO,H,L,U",0.072km,1,800,29km/h,8424,23
114566,,101550,111202,11,"B,CB,CC,CO,H,L,U",0.113km,1,800,29km/h,38714,106
114566,,111202,101550,11,"B,CB,CC,CO,H,L,U",0.113km,1,800,29km/h,1376,4
114567,WORCESTER STREET,107051,111206,11,"B,CB,CC,CO,H,L,U",0.096km,3,2400,29km/h,290390,796
114567,WORCESTER STREET,111206,107051,11,"B,W",0.096km,0,0,29km/h,0,0
114568,WORCESTER STREET,107052,111206,11,"B,W",0.043km,0,0,29km/h,0,0
114568,WORCESTER STREET,111206,107052,11,"B,CB,CC,CO,H,L,U",0.043km,3,2400,29km/h,302105,828
114569,,111201,111206,11,"B,CB,CC,CO,H,L,U",0.157km,1,800,29km/h,66795,183
114569,,111206,111201,11,"B,CB,CC,CO,H,L,U",0.157km,1,800,29km/h,55080,151
114570,SNOW HILL,110712,111207,11,"B,CB,CC,CO,H,L,U,W",0.078km,1,800,29km/h,73483,201
114570,SNOW HILL,111207,110712,11,"B,CB,CC,CO,H,L,U,W",0.078km,1,800,29km/h,51410,141
114572,,111207,111208,11,"B,CB,CC,CO,H,L,U",0.045km,1,800,29km/h,41868,115
114572,,111208,111207,11,,0.045km,0,0,29km/h,0,0
114573,,111203,111208,11,,0.107km,0,0,29km/h,0,0
114573,,111208,111203,11,"B,CB,CC,CO,H,L,U",0.107km,1,800,29km/h,8424,23
114574,,111204,111208,11,"B,CB,CC,CO,H,L,U",0.050km,1,800,29km/h,1123,3
114574,,111208,111204,11,"B,CB,CC,CO,H,L,U",0.050km,1,800,29km/h,34567,95
114575,,107051,111202,11,"B,CB,CC,CO,H,L,U",0.122km,1,800,29km/h,0,0
114575,,111202,107051,11,"B,CB,CC,CO,H,L,U",0.122km,1,800,29km/h,45762,125
114576,SCHOOL STREET,107058,111209,11,"B,CB,CC,CO,H,L,U",0.025km,2,1600,29km/h,127923,350
114576,SCHOOL STREET,111209,107058,11,"B,W",0.025km,0,0,29km/h,0,0
114577,SCHOOL STREET,107049,111209,11,"B,W",0.119km,0,0,29km/h,0,0
114577,SCHOOL STREET,111209,107049,11,"B,CB,CC,CO,H,L,U",0.119km,2,1600,29km/h,96168,263
114578,,111209,111210,11,"B,CB,CC,CO,H,L,U",0.028km,1,800,29km/h,31755,87
114578,,111210,111209,11,B,0.028km,0,0,29km/h,0,0
114580,,111211,111212,11,"B,CB,CC,CO,H,L,U",0.019km,1,800,29km/h,59549,163
114580,,111212,111211,11,"B,CB,CC,CO,H,L,U",0.019km,1,800,29km/h,217030,595
114581,,107054,111200,11,"B,CB,CC,CO,H,L,U",0.071km,1,800,29km/h,106382,291
114581,,111200,107054,11,B,0.071km,0,0,29km/h,0,0
114582,,110808,111200,11,B,0.069km,0,0,29km/h,0,0
114582,,111200,110808,11,"B,CB,CC,CO,H,L,U",0.069km,1,800,29km/h,76853,211
114583,PEEL STREET,111211,111213,11,W,0.046km,0,0,29km/h,0,0
114583,PEEL STREET,111213,111211,11,"B,CB,CC,CO,H,L,U,W",0.046km,1,800,29km/h,59549,163
114584,PEEL STREET,107054,111213,11,"B,CB,CC,CO,H,L,U,W",0.015km,1,800,29km/h,1810,5
114584,PEEL STREET,111213,107054,11,W,0.015km,0,0,29km/h,0,0
114585,SALOP STREET,101506,111214,11,"B,CB,CC,CO,H,L,U",0.038km,2,1600,29km/h,241009,660
114585,,111214,101506,11,,0.038km,0,0,29km/h,0,0
114586,,107054,111214,11,,0.020km,0,0,29km/h,0,0
114586,SALOP STREET,111214,107054,11,"B,CB,CC,CO,H,L,U",0.020km,2,1600,29km/h,183269,502
114587,,111213,111214,11,,0.009km,0,0,29km/h,0,0
114587,,111214,111213,11,"B,CB,CC,CO,H,L,U",0.009km,1,800,29km/h,57740,158
114588,PIPER'S ROW,101597,111215,11,"B,CB,CC,CO,H,L,U,W",0.091km,1,800,29km/h,201503,552
114588,PIPER'S ROW,111215,101597,11,"B,CB,CC,CO,H,L,U,W",0.091km,1,800,29km/h,149368,409
114589,MARKET STREET,107103,111216,11,"B,W",0.033km,2,1600,29km/h,0,0
114589,MARKET STREET,111216,107103,11,"B,CB,CC,CO,H,L,U,W",0.033km,1,800,29km/h,0,0
114590,MARKET STREET,105347,111216,11,"B,W",0.044km,1,800,29km/h,0,0
114590,MARKET STREET,111216,105347,11,"B,W",0.044km,2,1600,29km/h,0,0
114591,,111205,111216,11,"B,CB,CC,CO,H,L,U",0.085km,1,800,29km/h,0,0
114591,,111216,111205,11,B,0.085km,1,800,29km/h,0,0
114592,,111205,111215,11,B,0.101km,1,800,29km/h,0,0
114592,,111215,111205,11,"B,CB,CC,CO,H,L,U",0.101km,1,800,29km/h,0,0
114593,WATERLOO ROAD,101526,111217,11,"B,CB,CC,CO,H,L,U,W",0.064km,1,800,29km/h,205916,564
114593,WATERLOO ROAD,111217,101526,11,"B,CB,CC,CO,H,L,U,W",0.064km,1,800,29km/h,53777,147
114594,WATERLOO ROAD,101520,111217,11,"B,CB,CC,CO,H,L,U",0.206km,1,800,29km/h,90541,248
114594,WATERLOO ROAD,111217,101520,11,"B,CB,CC,CO,H,L,U",0.206km,1,800,29km/h,120093,329
114595,,111199,111217,11,"B,CB,CC,CO,H,L,U",0.059km,1,800,29km/h,58601,161
114595,,111217,111199,11,"B,CB,CC,CO,H,L,U",0.059km,1,800,29km/h,181188,496
114596,DARLINGTON STREET,107053,111218,11,"B,CB,CC,CO,H,L,U,W",0.134km,1,800,29km/h,26085,71
114596,DARLINGTON STREET,111218,107053,11,"B,W",0.134km,0,0,29km/h,0,0
114597,DARLINGTON STREET,101526,111218,11,"B,CB,CC,CO,H,L,U,W",0.052km,1,800,29km/h,0,0
114597,DARLINGTON STREET,111218,101526,11,"B,CB,CC,CO,H,L,U,W",0.052km,1,800,29km/h,26085,71
114598,,111198,111218,11,,0.275km,0,0,29km/h,0,0
114598,,111218,111198,11,"B,CB,CC,CO,H,L,U",0.275km,1,800,29km/h,0,0
114599,WHITMORE STREET,101563,111219,11,"B,CB,CC,CO,H,L,U,W",0.090km,1,800,29km/h,63837,175
114599,WHITMORE STREET,111219,101563,11,"B,CB,CC,CO,H,L,U,W",0.090km,1,800,29km/h,31877,87
114600,WHITMORE STREET,101587,111219,11,"B,W",0.108km,0,0,29km/h,0,0
114600,WHITMORE STREET,111219,101587,11,"B,CB,CC,CO,H,L,U,W",0.108km,1,800,29km/h,32767,90
114601,PIPER'S ROW,111215,111220,11,"B,CB,CC,CO,H,L,U,W",0.040km,1,800,29km/h,201503,552
114601,PIPER'S ROW,111220,111215,11,"B,CB,CC,CO,H,L,U,W",0.040km,1,800,29km/h,149368,409
114602,PIPER'S ROW,101604,111220,11,"B,CB,CC,CO,H,L,U,W",0.086km,1,800,29km/h,0,0
114602,PIPER'S ROW,111220,101604,11,"B,CB,CC,CO,H,L,U,W",0.086km,1,800,29km/h,88894,244
115549,,107102,111731,99,"CB,CC,CO,H,L,U",0.029km,1,99999,50km/h,0,0
115549,Dummy,111731,107102,99,"CB,CC,CO,H,L,U",0.029km,1,99999,50km/h,0,0
115551,,111219,111733,99,"CB,CC,CO,H,L,U",0.030km,1,99999,50km/h,63837,175
115551,Dummy,111733,111219,99,"CB,CC,CO,H,L,U",0.030km,1,99999,50km/h,64644,177
115624,,109325,111806,99,"CB,CC,CO,H,L,U",0.222km,1,99999,50km/h,0,0
115624,Dummy,111806,109325,99,"CB,CC,CO,H,L,U",0.222km,1,99999,50km/h,0,0
115626,,107100,111808,99,"CB,CC,CO,H,L,U",0.068km,1,99999,50km/h,63475,174
115626,Dummy,111808,107100,99,"CB,CC,CO,H,L,U",0.068km,1,99999,50km/h,42845,117
116526,Dummy,107063,112709,99,"CB,CC,CO,H,L,U",0.111km,1,99999,50km/h,137578,377
116526,Dummy,112709,107063,99,"CB,CC,CO,H,L,U",0.111km,1,99999,50km/h,179378,491
116527,Dummy,110814,112710,99,"CB,CC,CO,H,L,U",0.035km,1,99999,50km/h,148405,407
116527,Dummy,112710,110814,99,"CB,CC,CO,H,L,U",0.035km,1,99999,50km/h,159916,438
116528,Dummy,107174,112711,99,"CB,CC,CO,H,L,U",0.080km,1,99999,50km/h,222942,611
116528,Dummy,112711,107174,99,"CB,CC,CO,H,L,U",0.080km,1,99999,50km/h,265989,729
116529,Dummy,110697,112712,99,"CB,CC,CO,H,L,U",0.060km,1,99999,50km/h,111263,305
116529,Dummy,112712,110697,99,"CB,CC,CO,H,L,U",0.060km,1,99999,50km/h,80829,221
116542,Dummy,109419,112725,99,"CB,CC,CO,H,L,U",0.064km,1,99999,50km/h,168281,461
116542,Dummy,112725,109419,99,"CB,CC,CO,H,L,U",0.064km,1,99999,50km/h,133566,366
116548,Dummy,111197,112731,99,"B,CB,CC,CO,H,L,U",0.040km,1,99999,50km/h,152247,417
116548,Dummy,112731,111197,99,"B,CB,CC,CO,H,L,U",0.040km,1,99999,50km/h,91866,252
116549,Dummy,111198,112732,99,"CB,CC,CO,H,L,U",0.074km,1,99999,50km/h,0,0
116549,Dummy,112732,111198,99,"CB,CC,CO,H,L,U",0.074km,1,99999,50km/h,26085,71
116550,Dummy,111199,112733,99,"CB,CC,CO,H,L,U",0.176km,1,99999,50km/h,181188,496
116550,Dummy,112733,111199,99,"CB,CC,CO,H,L,U",0.176km,1,99999,50km/h,58601,161
116551,Dummy,111200,112734,99,"CB,CC,CO,H,L,U",0.043km,1,99999,50km/h,106382,291
116551,Dummy,112734,111200,99,"CB,CC,CO,H,L,U",0.043km,1,99999,50km/h,76853,211
116552,Dummy,111205,112735,99,"B,CB,CC,CO,H,L,U",0.094km,1,99999,50km/h,0,0
116552,Dummy,112735,111205,99,"B,CB,CC,CO,H,L,U",0.094km,1,99999,50km/h,0,0
116553,Dummy,111220,112736,99,"CB,CC,CO,H,L,U",0.091km,1,99999,50km/h,197842,542
116553,Dummy,112736,111220,99,"CB,CC,CO,H,L,U",0.091km,1,99999,50km/h,234601,643
116554,Dummy,111210,112737,99,"B,CB,CC,CO,H,L,U",0.096km,1,99999,50km/h,31755,87
116554,Dummy,112737,111210,99,"B,CB,CC,CO,H,L,U",0.096km,1,99999,50km/h,0,0
116555,Dummy,111212,112738,99,"CB,CC,CO,H,L,U",0.071km,1,99999,50km/h,59549,163
116555,Dummy,112738,111212,99,"CB,CC,CO,H,L,U",0.071km,1,99999,50km/h,218262,598
116556,Dummy,111201,112739,99,"CB,CC,CO,H,L,U",0.090km,1,99999,50km/h,55080,151
116556,Dummy,112739,111201,99,"CB,CC,CO,H,L,U",0.090km,1,99999,50km/h,66795,183
116557,Dummy,111204,112740,99,"CB,CC,CO,H,L,U",0.015km,1,99999,50km/h,34567,95
116557,Dummy,112740,111204,99,"CB,CC,CO,H,L,U",0.015km,1,99999,50km/h,1123,3
116558,Dummy,107062,112741,99,"CB,CC,CO,H,L,U",0.073km,1,99999,50km/h,84313,231
116558,Dummy,112741,107062,99,"CB,CC,CO,H,L,U",0.073km,1,99999,50km/h,57859,159
116996,,111197,113147,11,"B,CB,CC,CO,H,L,U",0.150km,1,800,29km/h,91866,252
116996,,113147,111197,11,"B,CB,CC,CO,H,L,U",0.150km,1,800,29km/h,152247,417
116997,0,101587,113148,11,"B,CB,CC,CO,H,L,U,W",0.110km,1,800,29km/h,119509,327
116997,0,113148,101587,11,"B,CB,CC,CO,H,L,U,W",0.110km,1,800,29km/h,71877,197
116998,0,101563,113149,11,"B,CB,CC,CO,H,L,U,W",0.081km,1,800,29km/h,44512,122
116998,0,113149,101563,11,"B,CB,CC,CO,H,L,U,W",0.081km,1,800,29km/h,120657,331
116999,0,101572,113150,11,"B,CB,CC,CO,H,L,U,W",0.039km,1,800,29km/h,88894,244
116999,0,113150,101572,11,"B,CB,CC,CO,H,L,U,W",0.039km,1,800,29km/h,0,0
117000,Auto_Roundabout_link,113147,113149,11,"B,CB,CC,CO,H,L,W",0.012km,1,800,29km/h,192534,527
117000,,113149,113147,11,"B,W",0.012km,1,800,29km/h,0,0
117001,,113148,113149,11,"B,W",0.013km,1,800,29km/h,0,0
117001,Auto_Roundabout_link,113149,113148,11,"B,CB,CC,CO,H,L,W",0.013km,1,800,29km/h,116389,319
117002,Auto_Roundabout_link,113148,113150,11,"B,CB,CC,CO,H,L,W",0.014km,1,800,29km/h,164021,449
117002,,113150,113148,11,"B,W",0.014km,1,800,29km/h,0,0
117003,,113147,113150,11,"B,W",0.017km,1,800,29km/h,0,0
117003,Auto_Roundabout_link,113150,113147,11,"B,CB,CC,CO,H,L,W",0.017km,1,800,29km/h,252916,693
121504,GREAT BRICKKILN STREET,101490,101515,11,"B,CB,CC,CO,H,L,U",0.150km,1,800,29km/h,130459,357
121504,GREAT BRICKKILN STREET,101515,101490,11,"B,CB,CC,CO,H,L,U",0.150km,1,800,29km/h,72893,200
121598,BROAD STREET,107094,109317,11,"B,CB,CC,CO,H,L,U",0.063km,2,1600,29km/h,104644,287
121598,BROAD STREET,109317,107094,11,"B,CB,CC,CO,H,L,U",0.063km,1,800,29km/h,119509,327
121930,STAFFORD STREET,101558,101563,11,"B,CB,CC,CO,H,L,U",0.141km,1,800,29km/h,89135,244
121930,STAFFORD STREET,101563,101558,11,"B,CB,CC,CO,H,L,U",0.141km,1,800,29km/h,133319,365
121978,,115541,512591,99,"CB,CC,CO,H,L,U",0.052km,1,99999,50km/h,152041,417
121978,,512591,115541,99,"CB,CC,CO,H,L,U",0.052km,1,99999,50km/h,136906,375
503478,,502869,502875,70,T,0.329km,1,99999,0km/h,0,0
503478,,502875,502869,70,T,0.329km,1,99999,0km/h,0,0
503481,,502860,502869,70,T,0.715km,1,99999,0km/h,0,0
503481,,502869,502860,70,T,0.715km,1,99999,0km/h,0,0
509349,QUEEN SQUARE,101572,521065,11,"B,W",0.129km,1,800,29km/h,0,0
509349,QUEEN SQUARE,521065,101572,11,"B,W",0.129km,0,0,29km/h,0,0
509350,QUEEN SQUARE,107053,521065,11,"B,W",0.145km,0,0,29km/h,0,0
509350,QUEEN SQUARE,521065,107053,11,"B,W",0.145km,1,800,29km/h,0,0
509605,SNOW HILL,101568,520807,11,"B,CB,CC,CO,H,L,U,W",0.053km,2,1600,29km/h,84880,233
509605,SNOW HILL,520807,101568,11,"B,CB,CC,CO,H,L,U,W",0.053km,1,800,29km/h,65086,178
509606,SNOW HILL,111207,520807,11,"B,CB,CC,CO,H,L,U,W",0.033km,1,800,29km/h,65086,178
509606,SNOW HILL,520807,111207,11,"B,CB,CC,CO,H,L,U,W",0.033km,2,1600,29km/h,84880,233
509849,A460 CANNOCK ROAD,101602,512669,10,"B,CB,CC,CO,H,L,U",0.144km,1,800,48km/h,249555,684
509849,A460 CANNOCK ROAD,512669,101602,10,"B,CB,CC,CO,H,L,U",0.144km,1,800,48km/h,208269,571
509850,A460 CANNOCK ROAD,105697,512669,10,"B,CB,CC,CO,H,L,U",0.095km,1,800,48km/h,208269,571
509850,A460 CANNOCK ROAD,512669,105697,10,"B,CB,CC,CO,H,L,U",0.095km,1,800,48km/h,249555,684
511055,VICARAGE ROAD,101637,512491,10,"B,CB,CC,CO,H,L,U",0.283km,1,800,48km/h,0,0
511055,VICARAGE ROAD,512491,101637,10,"B,CB,CC,CO,H,L,U",0.283km,1,800,48km/h,66712,183
511989,CULWELL STREET,101633,514436,10,"B,CB,CC,CO,H,L,U",0.010km,1,800,48km/h,80930,222
511989,CULWELL STREET,514436,101633,10,"B,CB,CC,CO,H,L,U",0.010km,1,800,48km/h,108578,297
512003,A4124 WEDNESFIELD ROAD,101633,521134,10,"B,CB,CC,CO,H,L,U",0.049km,2,1600,48km/h,263162,721
512003,A4124 WEDNESFIELD ROAD,521134,101633,10,"B,CB,CC,CO,H,L,U",0.049km,1,800,48km/h,176943,485
512004,A4124 WEDNESFIELD ROAD,101661,521134,10,"B,CB,CC,CO,H,L,U",0.153km,1,800,48km/h,176943,485
512004,A4124 WEDNESFIELD ROAD,521134,101661,10,"B,CB,CC,CO,H,L,U",0.153km,2,1600,48km/h,263162,721
513161,A454 LOWER HORSELEY FIELDS,101648,512493,10,"B,CB,CC,CO,H,L,U",0.177km,1,1680,48km/h,340319,932
513161,A454 LOWER HORSELEY FIELDS,512493,101648,10,"B,CB,CC,CO,H,L,U",0.177km,1,1680,48km/h,347206,951
513168,A454 LOWER HORSELEY FIELDS,512493,512494,10,"B,CB,CC,CO,H,L,U",0.152km,1,1680,48km/h,340319,932
513168,A454 LOWER HORSELEY FIELDS,512494,512493,10,"B,CB,CC,CO,H,L,U",0.152km,1,1680,48km/h,347206,951
513309,A4124 WEDNESFIELD ROAD,101661,512721,9,"B,CB,CC,CO,H,L,U",0.177km,1,1680,48km/h,328836,901
513309,A4124 WEDNESFIELD ROAD,512721,101661,9,"B,CB,CC,CO,H,L,U",0.177km,1,1680,48km/h,214031,586
513310,A4124 WEDNESFIELD ROAD,109418,512721,9,"B,CB,CC,CO,H,L,U",0.303km,1,1680,48km/h,214031,586
513310,A4124 WEDNESFIELD ROAD,512721,109418,9,"B,CB,CC,CO,H,L,U",0.303km,1,1680,48km/h,328836,901
514638,GREAT BRICKKILN STREET,101490,512591,10,"B,CB,CC,CO,H,L,U",0.372km,1,800,48km/h,72893,200
514638,GREAT BRICKKILN STREET,512591,101490,10,"B,CB,CC,CO,H,L,U",0.372km,1,800,48km/h,130459,357
515321,LEA ROAD,107160,512585,10,"B,CB,CC,CO,H,L,U",0.121km,1,800,48km/h,52179,143
515321,LEA ROAD,512585,107160,10,"B,CB,CC,CO,H,L,U",0.121km,1,800,48km/h,108151,296
515477,NEW HAMPTON ROAD EAST,101465,107096,10,"B,CB,CC,CO,H,L,U",0.114km,1,800,48km/h,103850,285
515477,NEW HAMPTON ROAD EAST,107096,101465,10,"B,CB,CC,CO,H,L,U",0.114km,1,800,48km/h,67939,186
515478,NEW HAMPTON ROAD EAST,105346,107096,10,"B,CB,CC,CO,H,L,U",0.108km,1,800,48km/h,67939,186
515478,NEW HAMPTON ROAD EAST,107096,105346,10,"B,CB,CC,CO,H,L,U",0.108km,1,800,48km/h,103850,285
515491,PEEL STREET,107049,520681,11,W,0.075km,0,0,29km/h,0,0
515491,PEEL STREET,520681,107049,11,"B,CB,CC,CO,H,L,U,W",0.075km,1,800,29km/h,208514,571
515492,PEEL STREET,111211,520681,11,"B,CB,CC,CO,H,L,U,W",0.088km,1,800,29km/h,212455,582
515492,PEEL STREET,520681,111211,11,W,0.088km,0,0,29km/h,0,0
516597,WATERLOO ROAD,105346,512489,10,"B,CB,CC,CO,H,L,U",0.238km,1,800,48km/h,182310,499
516597,WATERLOO ROAD,512489,105346,10,"B,CB,CC,CO,H,L,U",0.238km,1,800,48km/h,223186,611
516598,WATERLOO ROAD,105677,512489,10,"B,CB,CC,CO,H,L,U",0.110km,1,800,48km/h,223186,611
516598,WATERLOO ROAD,512489,105677,10,"B,CB,CC,CO,H,L,U",0.110km,1,800,48km/h,182310,499
516623,A41 CHAPEL ASH,101475,521046,10,"B,CB,CC,CO,H,L,U,W",0.143km,2,2680,48km/h,296864,813
516623,A41 CHAPEL ASH,521046,101475,11,"B,CB,CC,CO,H,L,U,W",0.143km,2,1600,29km/h,358345,982
516624,A41 CHAPEL ASH,101488,521046,11,"B,CB,CC,CO,H,L,U",0.058km,2,1600,29km/h,358345,982
516624,A41 CHAPEL ASH,521046,101488,10,"B,CB,CC,CO,H,L,U",0.058km,2,2680,48km/h,296864,813
516642,VICARAGE ROAD,512491,512492,10,"B,CB,CC,CO,H,L,U",0.221km,1,800,48km/h,0,0
516642,VICARAGE ROAD,512492,512491,10,"B,CB,CC,CO,H,L,U",0.221km,1,800,48km/h,66712,183
517743,WATERLOO ROAD,107087,514448,10,"B,CB,CC,CO,H,L,U",0.044km,1,800,48km/h,223186,611
517743,WATERLOO ROAD,514448,107087,10,"B,CB,CC,CO,H,L,U",0.044km,1,800,48km/h,182310,499
518063,CULWELL STREET,109325,512710,11,"B,CB,CC,CO,H,L,U",0.029km,1,800,29km/h,108578,297
518063,CULWELL STREET,512710,109325,11,"B,CB,CC,CO,H,L,U",0.029km,1,800,29km/h,80930,222
518064,CULWELL STREET,512710,514436,10,"B,CB,CC,CO,H,L,U",0.522km,1,800,48km/h,108578,297
518064,CULWELL STREET,514436,512710,10,"B,CB,CC,CO,H,L,U",0.522km,1,800,48km/h,80930,222
518965,,101604,101618,40,"B,W",0.104km,1,99999,50km/h,0,0
518965,,101618,101604,40,"B,W",0.104km,1,99999,50km/h,0,0
518982,WATERLOO ROAD,512488,514448,10,"B,CB,CC,CO,H,L,U",0.004km,1,800,48km/h,182310,499
518982,WATERLOO ROAD,514448,512488,10,"B,CB,CC,CO,H,L,U",0.004km,1,800,48km/h,223186,611
518983,WATERLOO ROAD,105677,512488,10,"B,CB,CC,CO,H,L,U",0.000km,1,800,48km/h,182310,499
518983,WATERLOO ROAD,512488,105677,10,"B,CB,CC,CO,H,L,U",0.000km,1,800,48km/h,223186,611
520017,,502875,506534,70,T,0.329km,1,99999,0km/h,0,0
520017,,506534,502875,70,T,0.329km,1,99999,0km/h,0,0
520019,,502860,506534,70,T,0.715km,1,99999,0km/h,0,0
520019,,506534,502860,70,T,0.715km,1,99999,0km/h,0,0
521015,,507001,507002,80,M,0.596km,1,99999,0km/h,0,0
521015,,507002,507001,80,M,0.596km,1,99999,0km/h,0,0
522015,,507101,507102,80,M,0.596km,1,99999,0km/h,0,0
522015,,507102,507101,80,M,0.596km,1,99999,0km/h,0,0
523003,,502869,508006,50,W,0.010km,1,99999,50km/h,0,0
523003,,508006,502869,50,W,0.010km,1,99999,50km/h,0,0
523069,,507001,508069,50,W,0.010km,1,99999,50km/h,0,0
523069,,508069,507001,50,W,0.010km,1,99999,50km/h,0,0
523070,,507002,508070,50,W,0.010km,1,99999,50km/h,0,0
523070,,508070,507002,50,W,0.010km,1,99999,50km/h,0,0
523098,,506534,508006,50,W,0.010km,1,99999,50km/h,0,0
523098,,508006,506534,50,W,0.010km,1,99999,50km/h,0,0
523161,,507101,508069,50,W,0.010km,1,99999,50km/h,0,0
523161,,508069,507101,50,W,0.010km,1,99999,50km/h,0,0
523162,,507102,508070,50,W,0.010km,1,99999,50km/h,0,0
523162,,508070,507102,50,W,0.010km,1,99999,50km/h,0,0
523286,,508069,508097,51,W,0.010km,1,99999,50km/h,0,0
523286,,508097,508069,51,W,0.010km,1,99999,50km/h,0,0
523287,,508070,508098,51,W,0.010km,1,99999,50km/h,0,0
523287,,508098,508070,51,W,0.010km,1,99999,50km/h,0,0
